timestamp,study_hours,sleep_hours,stress,breaks,screen_time,risk_score,risk_level
2026-09-29 01:13:31.790520,7,7,6,3,4,5,Moderate
2026-09-29 01:13:56.816573,5,8,9,5,2,4,Moderate
2026-09-29 01:14:36.600241,9,5,9,1,7,13,High
2026-09-29 02:48:36.153196,5,7,5,3,3,5,Moderate
2026-09-29 02:59:18.503697,5,8,6,2,5,6,Moderate
2026-09-29 02:59:52.567314,5,8,6,2,5,6,Moderate
2026-09-29 15:26:14.846573,4,0,9,1,9,12,High
2026-09-29 19:35:27.719983,4,6,6,2,5,8,High
2026-09-30 16:30:11.481198,0,0,1,0,0,7,Moderate
2026-09-30 17:33:08.698659,0,0,1,0,0,7,Moderate
